"Path","Platform","Compiled","Cooked","Permutations","Compiletime","CompiledDouble","CookedDouble"
"Globals","0","33","0","1","0.000000","0","0"
"/Engine/EngineSky/VolumetricClouds/m_SimpleVolumetricCloud.m_SimpleVolumetricCloud","0","90","90","1","970.342041","0","90"
"/InterchangeAssets/gltf/M_Default.M_Default","0","118","136","6","0.000000","0","136"
"/Game/Materials/M_ForceField.M_ForceField","0","5","5","1","8.554945","0","5"
"/SpeedTreeImporter/SpeedTree9/SpeedTreeBillboardMaster.SpeedTreeBillboardMaster","0","28","32","1","0.000000","0","32"
"/SpeedTreeImporter/SpeedTree9/SpeedTreeMaster.SpeedTreeMaster","0","28","32","1","0.000000","0","32"
"/Engine/EditorMaterials/Dataflow/DataflowVertexMaterial.DataflowVertexMaterial","0","12","14","1","20.825645","0","14"
"/Engine/EditorMaterials/Dataflow/DataflowTwoSidedVertexMaterial.DataflowTwoSidedVertexMaterial","0","12","14","1","20.069269","0","14"
"/Engine/EditorMaterials/Dataflow/DataflowTwoSidedVertexMaterial.SculptMaterial","0","6","7","1","7.197795","0","7"
"/Game/Materials/M_Light3.M_Light3","0","3","3","1","4.174592","0","3"
"/Engine/EngineSky/M_SimpleSkyDome.M_SimpleSkyDome","0","2","2","1","2.054235","0","2"
"/Engine/EditorMaterials/Camera/CineMat.CineMat","0","6","6","1","5.154860","0","6"
"/Game/Materials/M_Overlay.M_Overlay","0","8","8","1","35.720188","0","8"
"/Game/Materials/M_Matte3.M_Matte3","0","3","3","1","2.688439","0","3"
"/InterchangeAssets/gltf/M_ClearCoat.M_ClearCoat","0","118","136","6","0.000000","0","136"
"/Engine/EngineMaterials/DefaultLightFunctionMaterial.DefaultLightFunctionMaterial","0","37","37","1","32.854031","0","37"
"/Engine/EditorLandscapeResources/SplineEditorMeshMat.SplineEditorMeshMat","0","10","12","1","14.478558","0","12"
"/Niagara/DefaultAssets/DefaultSpriteMaterial.DefaultSpriteMaterial","0","40","45","1","44.920929","0","45"
"/Game/Materials/M_Metallic3.M_Metallic3","0","3","3","1","2.588027","0","3"
"/Engine/EditorMaterials/PreviewShadowIndicatorMaterial.PreviewShadowIndicatorMaterial","0","25","25","1","22.890995","0","25"
"/Game/Materials/M_Gloss1.M_Gloss1","0","3","3","1","3.219274","0","3"
"/Game/Materials/M_Gloss2.M_Gloss2","0","3","3","1","0.000000","0","3"
"/Game/Materials/M_Gloss3.M_Gloss3","0","3","3","1","0.000000","0","3"
"/HairStrands/Materials/HairDefaultMaterial.HairDefaultMaterial","0","33","36","1","0.000000","0","36"
"/HairStrands/Materials/HairCardsDefaultMaterial.HairCardsDefaultMaterial","0","57","63","1","0.000000","0","63"
"/HairStrands/Materials/HairMeshesDefaultMaterial.HairMeshesDefaultMaterial","0","33","36","1","0.000000","0","36"
"/Engine/VREditor/TransformGizmo/TranslucentTransformGizmoMaterial.TranslucentTransformGizmoMaterial","0","5","5","1","5.822730","0","5"
"/Engine/EngineDebugMaterials/M_SimpleUnlitTranslucent.M_SimpleUnlitTranslucent","0","5","5","1","3.018901","0","5"
"/ControlRig/Controls/ControlRigXRayMaterial.ControlRigXRayMaterial","0","8","9","1","0.000000","0","9"
"/Engine/BasicShapes/BasicShapeMaterial.BasicShapeMaterial","0","9","9","1","6.524868","0","9"
"/Engine/EngineMaterials/GizmoMaterial.GizmoMaterial","0","5","6","1","5.481304","0","6"
"/Engine/EngineMaterials/RemoveSurfaceMaterial.RemoveSurfaceMaterial","0","2","2","1","0.798065","0","2"
"/Engine/EngineDebugMaterials/DebugMeshMaterial.DebugMeshMaterial","0","7","7","1","3.396152","0","7"
"/Engine/EditorMaterials/PhAT_UnselectedMaterial.PhAT_UnselectedMaterial","0","5","5","1","6.749731","0","5"
"/Engine/EditorMaterials/PhAT_NoCollisionMaterial.PhAT_NoCollisionMaterial","0","5","5","1","2.713041","0","5"
"/Engine/EngineMaterials/PPM_DefaultCalibrationColor.PPM_DefaultCalibrationColor","0","5","5","1","1.994235","0","5"
"/ControlRig/Controls/ControlRigGizmoMaterial.ControlRigGizmoMaterial","0","2","2","1","0.000000","0","2"
"/Engine/EngineMaterials/PPM_DefaultCalibrationGrayscale.PPM_DefaultCalibrationGrayscale","0","5","5","1","1.389885","0","5"
"/InterchangeAssets/gltf/M_Sheen.M_Sheen","0","110","120","6","0.000000","0","120"
"/Engine/EngineDebugMaterials/DebugEditorMaterial.DebugEditorMaterial","0","5","6","1","6.199747","0","6"
"/Engine/EngineMaterials/NaniteHiddenSectionMaterial.NaniteHiddenSectionMaterial","0","12","14","1","15.741970","0","14"
"/InterchangeAssets/gltf/M_SpecularGlossiness.M_SpecularGlossiness","0","110","120","6","0.000000","0","120"
"/Engine/VREditor/SnapGrid/SnapGridMaterial.SnapGridMaterial","0","14","14","1","14.365565","0","14"
"/Engine/EngineMaterials/Widget3DPassThrough.Widget3DPassThrough","0","45","50","6","60.387779","0","50"
"/Engine/EditorLandscapeResources/LandscapeLayerUsageMaterial.LandscapeLayerUsageMaterial","0","2","2","1","1.817247","0","2"
"/Game/UI/M_UI_GradiantBackground.M_UI_GradiantBackground","0","15","15","1","7.509849","0","15"
"/Engine/EngineSky/M_Sky_Panning_Clouds2.M_Sky_Panning_Clouds2","0","2","2","1","3.235380","0","2"
"/Engine/EditorLandscapeResources/LayerVisMaterial.LayerVisMaterial","0","2","2","1","1.812922","0","2"
"/Engine/EngineMaterials/DefaultTextMaterialOpaque.DefaultTextMaterialOpaque","0","14","16","1","19.383606","0","16"
"/Game/Materials/ParentMaterials/M_Panning.M_Panning","0","3","3","1","4.072083","0","3"
"/Engine/EngineDebugMaterials/M_VolumeRenderSphereTracePP.M_VolumeRenderSphereTracePP","0","5","5","1","2.398515","0","5"
"/Engine/EditorLandscapeResources/MaskBrushMaterial.MaskBrushMaterial","0","5","5","1","4.234207","0","5"
"/MeshModelingToolsetExp/Materials/PointSetOverlaidComponentMaterial.PointSetOverlaidComponentMaterial","0","8","9","1","0.000000","0","9"
"/Paper2D/DefaultSpriteMaterial.DefaultSpriteMaterial","0","36","42","2","0.000000","0","42"
"/Engine/EngineMaterials/DefaultDeferredDecalMaterial.DefaultDeferredDecalMaterial","0","75","75","1","160.091965","0","75"
"/Engine/EngineMaterials/DefaultPostProcessMaterial.DefaultPostProcessMaterial","0","31","31","1","54.481438","0","31"
"/Engine/EditorLandscapeResources/SelectBrushMaterial.SelectBrushMaterial","0","10","10","2","26.757919","0","10"
"/Engine/EngineMaterials/FlattenMaterial_VT.FlattenMaterial_VT","0","6","6","1","11.824147","0","6"
"/Engine/EngineMaterials/FlattenMaterial_WS_Normal_VT.FlattenMaterial_WS_Normal_VT","0","6","6","1","8.552357","0","6"
"/HairStrands/Materials/HairDebugMaterial.HairDebugMaterial","0","57","63","1","0.000000","0","63"
"/Engine/EditorLandscapeResources/ColorMaskBrushMaterial.ColorMaskBrushMaterial","0","5","5","1","5.964431","0","5"
"/Engine/EngineMaterials/M_InvalidLightmapSettings.M_InvalidLightmapSettings","0","6","6","1","16.685991","0","6"
"/Engine/EngineMaterials/EmissiveMeshMaterial.EmissiveMeshMaterial","0","14","14","1","36.957458","0","14"
"/Engine/EditorLandscapeResources/LandscapeDirtyMaterial.LandscapeDirtyMaterial","0","5","5","1","13.996314","0","5"
"/Engine/EngineMaterials/FlattenMaterial.FlattenMaterial","0","9","9","1","21.253956","0","9"
"/ControlRig/M_Manip.M_Manip","0","8","9","1","0.000000","0","9"
"/Engine/EngineMaterials/PhAT_JointLimitMaterial.PhAT_JointLimitMaterial","0","8","9","1","20.811035","0","9"
"/InterchangeAssets/gltf/M_Transmission.M_Transmission","0","36","36","2","0.000000","0","36"
"/Engine/VREditor/TransformGizmo/TransformGizmoMaterial.TransformGizmoMaterial","0","2","2","1","3.874226","0","2"
"/Engine/EngineMaterials/WorldGridMaterial.WorldGridMaterial","0","584","0","1","0.000000","0","0"
"/Engine/EngineMaterials/DefaultMaterial.DefaultMaterial","0","24","24","1","39.501564","0","24"
"/InterchangeAssets/gltf/M_Unlit.M_Unlit","0","90","100","6","0.000000","0","100"
"Globals","49","19052","0","1","0.000000","0","0"
"/InterchangeAssets/gltf/M_Default.M_Default","49","166","184","6","184.322754","0","184"
"/InterchangeAssets/gltf/M_ClearCoat.M_ClearCoat","49","166","184","6","85.680504","0","184"
"/InterchangeAssets/gltf/M_Sheen.M_Sheen","49","158","168","6","70.903313","0","168"
"/InterchangeAssets/gltf/M_SpecularGlossiness.M_SpecularGlossiness","49","158","168","6","82.013832","0","168"
"/Engine/VREditor/SnapGrid/SnapGridMaterial.SnapGridMaterial","49","22","22","1","17.321951","0","22"
"/Engine/EngineMaterials/Widget3DPassThrough.Widget3DPassThrough","49","81","86","6","38.338409","0","86"
"/Engine/EditorLandscapeResources/LandscapeLayerUsageMaterial.LandscapeLayerUsageMaterial","49","7","7","1","1.537336","0","7"
"/Game/UI/M_UI_GradiantBackground.M_UI_GradiantBackground","49","16","16","1","3.153341","0","16"
"/Engine/EngineSky/VolumetricClouds/m_SimpleVolumetricCloud.m_SimpleVolumetricCloud","49","93","93","1","0.000000","0","93"
"/MeshModelingToolsetExp/Materials/PointSetOverlaidComponentMaterial.PointSetOverlaidComponentMaterial","49","13","14","1","7.685616","0","14"
"/Engine/EditorLandscapeResources/MaskBrushMaterial.MaskBrushMaterial","49","10","10","1","7.683813","0","10"
"/InterchangeAssets/gltf/M_Unlit.M_Unlit","49","204","214","6","337.102295","0","214"
"/InterchangeAssets/gltf/M_Transmission.M_Transmission","49","54","54","2","100.541550","0","54"
"/SpeedTreeImporter/SpeedTree9/SpeedTreeMaster.SpeedTreeMaster","49","44","48","1","50.326580","0","48"
"/SpeedTreeImporter/SpeedTree9/SpeedTreeBillboardMaster.SpeedTreeBillboardMaster","49","44","48","1","36.673946","0","48"
"","49","512","0","1","0.000000","513","0"
"/Engine/EngineMaterials/DefaultMaterial.DefaultMaterial","49","45","45","1","50.135799","0","45"
"/Engine/VREditor/TransformGizmo/TransformGizmoMaterial.TransformGizmoMaterial","49","7","7","1","1.416888","0","7"
"/Paper2D/DefaultSpriteMaterial.DefaultSpriteMaterial","49","58","64","2","31.829285","0","64"
"/ControlRig/M_Manip.M_Manip","49","13","14","1","9.105649","0","14"
"/Engine/EngineMaterials/PhAT_JointLimitMaterial.PhAT_JointLimitMaterial","49","13","14","1","5.561107","0","14"
"/Engine/EditorLandscapeResources/LayerVisMaterial.LayerVisMaterial","49","7","7","1","2.136609","0","7"
"/Engine/EditorLandscapeResources/SelectBrushMaterial.SelectBrushMaterial","49","20","20","2","13.084485","0","20"
"/Engine/EditorLandscapeResources/ColorMaskBrushMaterial.ColorMaskBrushMaterial","49","10","10","1","2.422295","0","10"
"/Engine/EditorLandscapeResources/LandscapeDirtyMaterial.LandscapeDirtyMaterial","49","10","10","1","3.812095","0","10"
"/Engine/EngineMaterials/EmissiveMeshMaterial.EmissiveMeshMaterial","49","21","21","1","6.329856","0","21"
"/Engine/EngineMaterials/M_InvalidLightmapSettings.M_InvalidLightmapSettings","49","16","16","1","8.229856","0","16"
"/Engine/EngineMaterials/FlattenMaterial.FlattenMaterial","49","22","22","1","21.096151","0","22"
"/Engine/EngineMaterials/FlattenMaterial_VT.FlattenMaterial_VT","49","16","16","1","14.595827","0","16"
"/Engine/EngineMaterials/FlattenMaterial_WS_Normal_VT.FlattenMaterial_WS_Normal_VT","49","16","16","1","8.516268","0","16"
"/Engine/EngineMaterials/DefaultDeferredDecalMaterial.DefaultDeferredDecalMaterial","49","80","80","1","32.845909","0","80"
"/Engine/EngineMaterials/DefaultPostProcessMaterial.DefaultPostProcessMaterial","49","34","34","1","7.770583","0","34"
"/Game/Materials/ParentMaterials/M_Panning.M_Panning","49","8","8","1","5.213913","0","8"
"/Engine/EngineDebugMaterials/M_VolumeRenderSphereTracePP.M_VolumeRenderSphereTracePP","49","8","8","1","1.150905","0","8"
"/HairStrands/Materials/HairDebugMaterial.HairDebugMaterial","49","73","79","1","32.439480","0","79"
"/Game/Materials/M_ForceField.M_ForceField","49","12","12","1","0.000000","0","12"
"/Engine/EngineSky/M_Sky_Panning_Clouds2.M_Sky_Panning_Clouds2","49","7","7","1","1.399623","0","7"
"/Engine/EngineMaterials/DefaultTextMaterialOpaque.DefaultTextMaterialOpaque","49","22","24","1","4.659976","0","24"
"/Engine/EngineMaterials/WorldGridMaterial.WorldGridMaterial","49","1787","1809","1","1099.812866","0","0"
"/Engine/EngineMaterials/NaniteHiddenSectionMaterial.NaniteHiddenSectionMaterial","49","19","21","1","9.349438","0","21"
"/Engine/EngineMaterials/RemoveSurfaceMaterial.RemoveSurfaceMaterial","49","7","7","1","2.235183","0","7"
"/Engine/EngineDebugMaterials/DebugMeshMaterial.DebugMeshMaterial","49","12","12","1","3.006568","0","12"
"/Engine/EngineMaterials/GizmoMaterial.GizmoMaterial","49","10","11","1","1.301459","0","11"
"/Engine/EditorMaterials/PhAT_UnselectedMaterial.PhAT_UnselectedMaterial","49","10","10","1","7.495040","0","10"
"/Engine/EditorMaterials/PhAT_NoCollisionMaterial.PhAT_NoCollisionMaterial","49","10","10","1","5.728692","0","10"
"/Engine/EngineDebugMaterials/DebugEditorMaterial.DebugEditorMaterial","49","10","11","1","1.672382","0","11"
"/Engine/EngineMaterials/PPM_DefaultCalibrationGrayscale.PPM_DefaultCalibrationGrayscale","49","8","8","1","1.310282","0","8"
"/Engine/EngineMaterials/PPM_DefaultCalibrationColor.PPM_DefaultCalibrationColor","49","8","8","1","0.944177","0","8"
"/ControlRig/Controls/ControlRigGizmoMaterial.ControlRigGizmoMaterial","49","7","7","1","2.211740","0","7"
"/Game/Materials/M_Light3.M_Light3","49","8","8","1","7.774450","0","8"
"/Niagara/DefaultAssets/DefaultSpriteMaterial.DefaultSpriteMaterial","49","51","56","1","16.326778","0","56"
"/Game/Materials/M_Metallic3.M_Metallic3","49","8","8","1","1.344825","0","8"
"/Game/Materials/M_Matte3.M_Matte3","49","8","8","1","2.184364","0","8"
"/Engine/EditorMaterials/PreviewShadowIndicatorMaterial.PreviewShadowIndicatorMaterial","49","66","66","1","23.964436","0","66"
"/Game/Materials/M_Overlay.M_Overlay","49","15","15","1","16.225033","0","15"
"/Game/Materials/M_Gloss1.M_Gloss1","49","8","8","1","1.395193","0","8"
"/Game/Materials/M_Gloss2.M_Gloss2","49","8","8","1","0.000000","0","8"
"/Game/Materials/M_Gloss3.M_Gloss3","49","8","8","1","0.000000","0","8"
"/Engine/EngineSky/M_SimpleSkyDome.M_SimpleSkyDome","49","7","7","1","1.990005","0","7"
"/Engine/EngineMaterials/DefaultLightFunctionMaterial.DefaultLightFunctionMaterial","49","78","78","1","43.441494","0","78"
"/Engine/EditorMaterials/Camera/CineMat.CineMat","49","14","14","1","5.297040","0","14"
"/Engine/EditorLandscapeResources/SplineEditorMeshMat.SplineEditorMeshMat","49","22","24","1","31.607431","0","24"
"/HairStrands/Materials/HairDefaultMaterial.HairDefaultMaterial","49","42","45","1","24.020687","0","45"
"/HairStrands/Materials/HairCardsDefaultMaterial.HairCardsDefaultMaterial","49","73","79","1","91.190773","0","79"
"/HairStrands/Materials/HairMeshesDefaultMaterial.HairMeshesDefaultMaterial","49","42","45","1","0.000000","0","45"
"/Engine/VREditor/TransformGizmo/TranslucentTransformGizmoMaterial.TranslucentTransformGizmoMaterial","49","10","10","1","8.209158","0","10"
"/Engine/EngineDebugMaterials/M_SimpleUnlitTranslucent.M_SimpleUnlitTranslucent","49","10","10","1","9.881670","0","10"
"/ControlRig/Controls/ControlRigXRayMaterial.ControlRigXRayMaterial","49","13","14","1","21.733812","0","14"
"/Engine/BasicShapes/BasicShapeMaterial.BasicShapeMaterial","49","27","27","1","36.025616","0","27"
"/Engine/EditorMaterials/Dataflow/DataflowVertexMaterial.DataflowVertexMaterial","49","17","19","1","6.763438","0","19"
"/Engine/EditorMaterials/Dataflow/DataflowTwoSidedVertexMaterial.DataflowTwoSidedVertexMaterial","49","17","19","1","12.992001","0","19"
"/Engine/EditorMaterials/Dataflow/DataflowTwoSidedVertexMaterial.SculptMaterial","49","11","12","1","15.679128","0","12"
